{
  "n_samples": 16384,
  "n_internal_features": 40960,
  "top_L32_feats": [
    15698,
    79,
    22093,
    9299,
    13980,
    3684,
    26292,
    36829,
    1580,
    34338
  ],
  "overall_R2_5fold": -1.6318409442901611,
  "per_feat_R2": [
    -1.8807825148105621,
    -2.609020382165909,
    -0.9448506981134415,
    -0.26081304252147675,
    -0.41754747927188873,
    -0.05320348730310798,
    -3.6987045407295227,
    -1.4298412501811981,
    -2.9882100224494934,
    -2.3318110704421997
  ],
  "lasso_nonzero_predictors": 163
}