{
  "feature": [
    15698,
    79,
    22093,
    9299,
    13980,
    3684,
    26292,
    36829,
    1580,
    34338
  ],
  "score": [
    5.471471786499023,
    4.3458685874938965,
    3.7213072776794434,
    3.463979959487915,
    3.274135112762451,
    2.8495988845825195,
    2.7429912090301514,
    2.620830774307251,
    2.612846851348877,
    1.8647334575653076
  ],
  "mean_clean": [
    5.69423246383667,
    4.612454414367676,
    3.755786180496216,
    3.4716949462890625,
    3.8523147106170654,
    2.8495988845825195,
    2.7625503540039062,
    2.632323980331421,
    2.7281076908111572,
    1.8810834884643555
  ],
  "mean_corr": [
    0.2227609008550644,
    0.26658570766448975,
    0.034478794783353806,
    0.007714918348938227,
    0.5781795382499695,
    0.0,
    0.019559113308787346,
    0.011493275873363018,
    0.11526073515415192,
    0.01635003834962845
  ]
}