{
  "model": "state-spaces/mamba2-2.7b",
  "lengths": [
    4,
    8,
    16,
    32
  ],
  "results": {
    "4": {
      "pattern_len": 4,
      "top_features": [
        35045,
        37382,
        11385,
        1066,
        18333,
        8362,
        5082,
        32986,
        38296,
        12121
      ],
      "top_scores": [
        0.25168758630752563,
        0.1824992597103119,
        0.16625159978866577,
        0.16477257013320923,
        0.16155104339122772,
        0.1594662368297577,
        0.15485712885856628,
        0.11620768904685974,
        0.11564113199710846,
        0.1114853173494339
      ],
      "baseline_act": 0.42029163241386414,
      "corrupted_act": 0.26184970140457153,
      "gap": 0.1584419310092926
    },
    "8": {
      "pattern_len": 8,
      "top_features": [
        35045,
        37382,
        11385,
        1066,
        8362,
        29948,
        5082,
        34119,
        18333,
        10175
      ],
      "top_scores": [
        0.3762577176094055,
        0.3230695128440857,
        0.2529478073120117,
        0.21506525576114655,
        0.20230397582054138,
        0.19377169013023376,
        0.1878121942281723,
        0.16254478693008423,
        0.14551298320293427,
        0.14493870735168457
      ],
      "baseline_act": 0.4728867709636688,
      "corrupted_act": 0.25246429443359375,
      "gap": 0.22042247653007507
    },
    "16": {
      "pattern_len": 16,
      "top_features": [
        35045,
        37382,
        11385,
        1066,
        5082,
        34119,
        18333,
        8362,
        11182,
        29948
      ],
      "top_scores": [
        0.5055153965950012,
        0.4509819746017456,
        0.33202797174453735,
        0.24949054419994354,
        0.2143711894750595,
        0.2125207483768463,
        0.1750529557466507,
        0.1667957603931427,
        0.15980032086372375,
        0.1577213704586029
      ],
      "baseline_act": 0.5689727663993835,
      "corrupted_act": 0.3065450191497803,
      "gap": 0.26242774724960327
    },
    "32": {
      "pattern_len": 32,
      "top_features": [
        35045,
        11385,
        37382,
        5082,
        1066,
        34119,
        10175,
        11182,
        29948,
        12121
      ],
      "top_scores": [
        0.6218024492263794,
        0.4019787907600403,
        0.34559014439582825,
        0.23134459555149078,
        0.2291359305381775,
        0.2230466604232788,
        0.18686041235923767,
        0.18606023490428925,
        0.17214128375053406,
        0.14964191615581512
      ],
      "baseline_act": 0.5114571452140808,
      "corrupted_act": 0.23669694364070892,
      "gap": 0.2747602015733719
    }
  }
}