{
  "lengths": [
    4,
    8,
    16
  ],
  "results": {
    "4": {
      "pattern_len": 4,
      "top_features": [
        15698,
        79,
        13980,
        13298,
        22093,
        23826,
        3684,
        36829,
        9299,
        1580
      ],
      "top_scores": [
        5.281383037567139,
        4.448442459106445,
        3.841029405593872,
        3.540653705596924,
        3.3741254806518555,
        3.2898364067077637,
        2.877063274383545,
        2.8691422939300537,
        2.8388257026672363,
        2.222930669784546
      ],
      "baseline_act": 3.547490358352661,
      "corrupted_act": 0.08914704620838165,
      "patched_act": 1.026444673538208,
      "patch_damage": 0.7289749620755052
    },
    "8": {
      "pattern_len": 8,
      "top_features": [
        15698,
        79,
        3684,
        13980,
        9299,
        13298,
        22093,
        23826,
        36829,
        35800
      ],
      "top_scores": [
        5.886439323425293,
        4.705963611602783,
        4.612045764923096,
        3.4532711505889893,
        3.332467794418335,
        3.1192235946655273,
        3.116227149963379,
        2.9843502044677734,
        2.8905231952667236,
        2.866192102432251
      ],
      "baseline_act": 3.792724609375,
      "corrupted_act": 0.09605421870946884,
      "patched_act": 1.0336039066314697,
      "patch_damage": 0.7463799611971331
    },
    "16": {
      "pattern_len": 16,
      "top_features": [
        15698,
        3684,
        79,
        35800,
        9299,
        13980,
        13298,
        22093,
        1580,
        23826
      ],
      "top_scores": [
        6.0408830642700195,
        5.829435348510742,
        5.198088645935059,
        3.9229936599731445,
        3.3334550857543945,
        3.1164727210998535,
        2.7821438312530518,
        2.7584667205810547,
        2.3283307552337646,
        2.312194347381592
      ],
      "baseline_act": 3.875725269317627,
      "corrupted_act": 0.11347851902246475,
      "patched_act": 0.9728168845176697,
      "patch_damage": 0.771589047042758
    }
  },
  "feature_set_overlap": {
    "4_vs_8": {
      "intersection": 9,
      "union": 11,
      "jaccard": 0.8181818181818182
    },
    "4_vs_16": {
      "intersection": 9,
      "union": 11,
      "jaccard": 0.8181818181818182
    },
    "8_vs_16": {
      "intersection": 9,
      "union": 11,
      "jaccard": 0.8181818181818182
    }
  }
}