{
  "model": "EleutherAI/pythia-2.8b",
  "mid_layer": 16,
  "locus_layers": [
    2,
    6,
    10,
    12
  ],
  "head_dim": 80,
  "baseline_act": 2.3298709392547607,
  "corrupted_act": 0.10303697735071182,
  "gap": 2.226833961904049,
  "induction_features": [
    29521,
    25219,
    26108,
    12516,
    8708,
    12660,
    30627,
    12642,
    38237,
    25199
  ],
  "per_layer_slice_damage": {
    "L2": {
      "Q": 0.25589943703103246,
      "K": 0.003141214303324036,
      "V": 0.00990233574715682,
      "QK": 0.21681905444547178,
      "full": 0.24664228201231997
    },
    "L6": {
      "Q": 0.31278401329467376,
      "K": 0.3151642012757636,
      "V": -0.0026404658355287935,
      "QK": 0.28778459839455284,
      "full": 0.1463991732216673
    },
    "L10": {
      "Q": 0.18881798599203137,
      "K": 0.10240953916730522,
      "V": 0.15647897114230513,
      "QK": 0.1987940903289489,
      "full": 0.279190825352847
    },
    "L12": {
      "Q": -0.016428446952201803,
      "K": 0.08833515605119835,
      "V": 0.29202184905982276,
      "QK": 0.1430745545725376,
      "full": 0.328364121464627
    }
  }
}