{
  "feature": [
    29521,
    8708,
    25219,
    12660,
    12642,
    25199,
    14025,
    12516,
    26108,
    91
  ],
  "score": [
    3.996926784515381,
    2.2397992610931396,
    1.8413127660751343,
    1.8189353942871094,
    1.8079754114151,
    1.5636101961135864,
    1.5092157125473022,
    1.5005359649658203,
    1.4978697299957275,
    1.4448176622390747
  ],
  "mean_clean": [
    4.632527828216553,
    2.449878454208374,
    1.8413127660751343,
    1.8723820447921753,
    1.818010687828064,
    1.5636101961135864,
    1.5362247228622437,
    1.5005359649658203,
    1.623478889465332,
    1.4448176622390747
  ],
  "mean_corr": [
    0.6356010437011719,
    0.21007919311523438,
    0.0,
    0.053446631878614426,
    0.01003525871783495,
    0.0,
    0.027009055018424988,
    0.0,
    0.1256091445684433,
    0.0
  ]
}