{
  "n_pairs": 128,
  "results": {
    "x16_k32": {
      "expansion": 16,
      "k": 32,
      "d_hidden": 40960,
      "top_features": [
        7507,
        30614,
        35800,
        32085,
        26016,
        34708,
        10781,
        31314,
        30240,
        15437
      ],
      "baseline_act": 3.689704179763794,
      "corrupted_act": 0.037585847079753876,
      "gap": 3.65211833268404,
      "patched_act": 0.6394889950752258,
      "patch_damage_L30_xproj": 0.8351906775284805
    },
    "x16_k64": {
      "expansion": 16,
      "k": 64,
      "d_hidden": 40960,
      "top_features": [
        15698,
        79,
        3684,
        13980,
        9299,
        13298,
        22093,
        23826,
        36829,
        35800
      ],
      "baseline_act": 3.792724609375,
      "corrupted_act": 0.09605421870946884,
      "gap": 3.696670390665531,
      "patched_act": 1.0336039066314697,
      "patch_damage_L30_xproj": 0.7463799611971331
    },
    "x16_k128": {
      "expansion": 16,
      "k": 128,
      "d_hidden": 40960,
      "top_features": [
        17591,
        30489,
        31244,
        33251,
        38367,
        23803,
        22960,
        31663,
        698,
        14787
      ],
      "baseline_act": 3.7277519702911377,
      "corrupted_act": 0.11984255164861679,
      "gap": 3.607909418642521,
      "patched_act": 1.2070159912109375,
      "patch_damage_L30_xproj": 0.6986694194857668
    },
    "x8_k64": {
      "expansion": 8,
      "k": 64,
      "d_hidden": 20480,
      "top_features": [
        12515,
        16829,
        12290,
        12140,
        13318,
        1860,
        10325,
        19589,
        12757,
        13765
      ],
      "baseline_act": 3.6104907989501953,
      "corrupted_act": 0.1076148971915245,
      "gap": 3.502875901758671,
      "patched_act": 0.8050295114517212,
      "patch_damage_L30_xproj": 0.8009022774943156
    },
    "x32_k64": {
      "expansion": 32,
      "k": 64,
      "d_hidden": 81920,
      "top_features": [
        62112,
        73924,
        25790,
        58491,
        53091,
        53799,
        41614,
        29465,
        73539,
        3061
      ],
      "baseline_act": 3.658517599105835,
      "corrupted_act": 0.08430483192205429,
      "gap": 3.5742127671837807,
      "patched_act": 1.1875602006912231,
      "patch_damage_L30_xproj": 0.691329128780866
    }
  },
  "feature_overlap_k_sweep_at_x16": {
    "x16_k32_vs_x16_k64": 0.05263157894736842,
    "x16_k64_vs_x16_k64": 1.0,
    "x16_k128_vs_x16_k64": 0.0
  }
}