{
  "layer": 30,
  "model": "state-spaces/mamba-2.8b-hf",
  "site": "x_proj input",
  "d_in": 5120,
  "d_hidden": 40960,
  "k": 64,
  "n_pairs": 1024,
  "top_features": {
    "feature": [
      33108,
      2230,
      18334,
      16064,
      5252,
      28090,
      35328,
      40652,
      10942,
      5794
    ],
    "score": [
      8.742066383361816,
      7.650533676147461,
      6.34489631652832,
      6.322328567504883,
      3.3664133548736572,
      2.3353888988494873,
      2.24802827835083,
      2.212219715118408,
      2.193885564804077,
      2.1472907066345215
    ],
    "clean_mean": [
      8.922801971435547,
      7.6510138511657715,
      6.347333908081055,
      7.050647735595703,
      3.3667969703674316,
      2.6993227005004883,
      2.3002641201019287,
      2.2946176528930664,
      2.2834601402282715,
      2.2101359367370605
    ],
    "corr_mean": [
      0.1807352602481842,
      0.0004804360796697438,
      0.0024378353264182806,
      0.7283194661140442,
      0.000383654551114887,
      0.3639337420463562,
      0.05223586782813072,
      0.08239796757698059,
      0.08957447856664658,
      0.06284540891647339
    ]
  },
  "n_features_strongly_induction": 50,
  "max_score": 8.742066383361816,
  "median_score": 0.0,
  "fraction_pos_score": 0.19423827528953552
}