{
  "layer": 28,
  "model": "state-spaces/mamba-2.8b-hf",
  "site": "x_proj input",
  "d_in": 5120,
  "d_hidden": 40960,
  "k": 64,
  "n_pairs": 1024,
  "top_features": {
    "feature": [
      39927,
      13061,
      20777,
      15795,
      24062,
      10669,
      37842,
      6981,
      4838,
      39553
    ],
    "score": [
      6.830880165100098,
      1.9748339653015137,
      1.7595250606536865,
      1.5574235916137695,
      1.544921636581421,
      1.3047380447387695,
      1.2049689292907715,
      1.0452766418457031,
      0.6346655488014221,
      0.625322699546814
    ],
    "clean_mean": [
      7.074731826782227,
      2.9615540504455566,
      1.9841262102127075,
      1.7564163208007812,
      1.5548632144927979,
      1.30473792552948,
      1.2393027544021606,
      1.051563024520874,
      0.6499865651130676,
      0.8743140697479248
    ],
    "corr_mean": [
      0.24385109543800354,
      0.9867199659347534,
      0.22460126876831055,
      0.1989927440881729,
      0.009941862896084785,
      0.0,
      0.034333862364292145,
      0.006286288611590862,
      0.015321066603064537,
      0.24899137020111084
    ]
  },
  "n_features_strongly_induction": 19,
  "max_score": 6.830880165100098,
  "median_score": 0.0,
  "fraction_pos_score": 0.2616943418979645
}