{
  "feature": [
    17625,
    19928,
    24870,
    9330,
    34892,
    29053,
    2425,
    3264,
    32592,
    27015
  ],
  "score": [
    5.446300983428955,
    4.536139965057373,
    4.4515557289123535,
    4.24979305267334,
    4.23184061050415,
    2.567828416824341,
    2.109621047973633,
    2.0848159790039062,
    1.8549153804779053,
    1.4599725008010864
  ],
  "mean_clean": [
    5.709526062011719,
    4.611603736877441,
    4.4565935134887695,
    4.518212795257568,
    5.202353000640869,
    2.567828416824341,
    2.109621047973633,
    2.176945447921753,
    1.8784675598144531,
    1.4599725008010864
  ],
  "mean_corr": [
    0.26322513818740845,
    0.07546364516019821,
    0.00503757456317544,
    0.2684199810028076,
    0.9705123901367188,
    0.0,
    0.0,
    0.09212958812713623,
    0.023552199825644493,
    0.0
  ]
}