{
  "mamba_130m": {
    "mamba_130m_residual_L0": {
      "scores": [
        0.4929887354373932,
        0.0,
        0.0,
        0.7275354266166687,
        0.3643021583557129,
        0.0,
        0.0,
        0.0,
        0.825091540813446,
        0.0,
        0.0,
        0.3258928954601288,
        0.0,
        0.5231661200523376,
        0.0,
        0.0,
        0.0,
        0.20105379819869995,
        0.0,
        0.0
      ],
      "mean": 0.17300153374671937,
      "median": 0.0,
      "std": 0.2652902927203309,
      "n_features": 20
    },
    "mamba_130m_residual_L12": {
      "scores": [
        0.0,
        0.0,
        0.19956731796264648,
        0.10209626704454422,
        0.0,
        0.10378911346197128,
        0.10937847942113876,
        0.2665402889251709,
        0.11492961645126343,
        0.2175193578004837,
        0.0,
        0.1167498305439949,
        0.0,
        0.0,
        0.0,
        0.0,
        0.0,
        0.0,
        0.08912938833236694,
        0.0
      ],
      "mean": 0.06598498299717903,
      "median": 0.0,
      "std": 0.08338105855846804,
      "n_features": 20
    },
    "mamba_130m_residual_L23": {
      "scores": [
        0.0,
        0.0,
        0.0,
        0.0,
        0.11158380657434464,
        0.5988708138465881,
        0.0,
        0.0,
        0.0,
        0.08405029773712158,
        0.0,
        0.0,
        0.4614272117614746,
        0.0,
        0.0,
        0.0,
        0.0,
        0.0,
        0.15819774568080902,
        0.0
      ],
      "mean": 0.0707064937800169,
      "median": 0.0,
      "std": 0.16064169498542114,
      "n_features": 20
    }
  },
  "mamba_370m": {
    "mamba_370m_residual_L0": {
      "scores": [
        0.0,
        0.0,
        0.0,
        0.0,
        0.0,
        0.20376582443714142,
        0.0,
        0.0,
        0.0,
        0.0,
        0.0,
        0.0,
        0.0,
        0.0,
        0.0,
        0.16895174980163574,
        0.25758984684944153,
        0.0,
        0.0,
        0.0
      ],
      "mean": 0.031515371054410934,
      "median": 0.0,
      "std": 0.07633916488787297,
      "n_features": 20
    },
    "mamba_370m_residual_L24": {
      "scores": [
        0.0,
        0.0,
        0.1439022272825241,
        0.0,
        0.14128805696964264,
        0.0,
        0.0,
        0.0,
        0.014879773370921612,
        0.0,
        0.18623733520507812,
        0.18173260986804962,
        0.1527402698993683,
        0.3614135682582855,
        0.0,
        0.0,
        0.0,
        0.0,
        0.0,
        0.0
      ],
      "mean": 0.05910969204269349,
      "median": 0.0,
      "std": 0.09815113441293397,
      "n_features": 20
    },
    "mamba_370m_residual_L47": {
      "scores": [
        0.0,
        0.0,
        0.0,
        0.0,
        0.0,
        0.0,
        0.0,
        0.0,
        0.2580244541168213,
        0.0,
        0.0,
        0.0,
        0.19408099353313446,
        0.0,
        0.0,
        0.0,
        0.0,
        0.12114936113357544,
        0.0,
        0.0
      ],
      "mean": 0.02866274043917656,
      "median": 0.0,
      "std": 0.07158567066337143,
      "n_features": 20
    }
  },
  "pythia_160m": {
    "pythia_160m_residual_L0": {
      "scores": [
        0.26040980219841003,
        0.16223770380020142,
        0.22276775538921356,
        0.0,
        0.0,
        0.36120498180389404,
        0.29248571395874023,
        0.0,
        0.7120876908302307,
        0.42356160283088684,
        0.263094037771225,
        0.4127713143825531,
        0.0,
        0.2208816558122635,
        0.37488529086112976,
        0.0,
        0.17352472245693207,
        0.0,
        0.1712600588798523,
        0.0
      ],
      "mean": 0.20255861654877663,
      "median": 0.19720318913459778,
      "std": 0.188946731277032,
      "n_features": 20
    },
    "pythia_160m_residual_L6": {
      "scores": [
        0.0,
        0.0,
        0.20025254786014557,
        0.5324881672859192,
        0.0,
        0.0,
        0.0,
        0.0,
        0.0,
        0.0,
        0.0,
        0.0,
        0.0,
        0.0,
        0.0,
        0.0,
        0.0,
        0.0,
        0.10401952266693115,
        0.0725412666797638
      ],
      "mean": 0.04546507522463798,
      "median": 0.0,
      "std": 0.12214449770409593,
      "n_features": 20
    },
    "pythia_160m_residual_L11": {
      "scores": [
        0.0,
        0.13016511499881744,
        0.08717988431453705,
        0.0,
        0.0,
        0.0,
        0.1379142850637436,
        0.0,
        0.0,
        0.0,
        0.0,
        0.0,
        0.0,
        0.11171958595514297,
        0.2994231879711151,
        0.0,
        0.0,
        0.453105628490448,
        0.0,
        0.0
      ],
      "mean": 0.06097538433969021,
      "median": 0.0,
      "std": 0.11761035487137908,
      "n_features": 20
    }
  }
}